event_name,catids,unique_name
Ecuador,10300100548B6F00,ecuador
Ecuador,1050010003D53B00,ecuador
Ecuador,1030010055545B00,ecuador
Ecuador,10300100555A2900,ecuador
Ecuador,103001005570A700,ecuador
Ecuador,10300100543EAC00,ecuador
Ecuador,103001005628ED00,ecuador
Ecuador,104001001BAD0300,ecuador
Ecuador,104001001BCF9B00,ecuador
Ecuador,1050010004084F00,ecuador
Ecuador,104001001B930B00,ecuador
Ecuador,102001004EAF6A00,ecuador
Ecuador,10300100554BCA00,ecuador
Ecuador,10300100554E4D00,ecuador
Ecuador,102001004BB94100,ecuador
Ecuador,104001001A82FE00,ecuador
Ecuador,104001001BACC000,ecuador
Ecuador,102001004CC4AB00,ecuador
Ecuador,104001001B83ED00,ecuador
Ecuador,1050010004011D00,ecuador
Ecuador,104001001B03EC00,ecuador
Ecuador,1050010004011C00,ecuador
Ecuador,104001001B92AD00,ecuador
Ecuador,1050010004011F00,ecuador
Guatemala's Fuego Volcano Eruption,1040010037B88300,guatemala-s-fuego-volcano-eruption
Guatemala's Fuego Volcano Eruption,10400100377A9B00,guatemala-s-fuego-volcano-eruption
Guatemala's Fuego Volcano Eruption,104001003E575F00,guatemala-s-fuego-volcano-eruption
Guatemala's Fuego Volcano Eruption,f5276ce7-6be6-4c40-a4bf-ac8e17fee5a5-inv,guatemala-s-fuego-volcano-eruption
Haiti,1030010003B16A00,haiti
Haiti,1030010003BA7100,haiti
Haiti,103001000395D700,haiti
Haiti,101001000971FC00,haiti
Haiti,1010010009381800,haiti
Haiti,101001000793BC00,haiti
Haiti,1030010003399600,haiti
Haiti,1030010003004400,haiti
Haiti,1030010003A27E00,haiti
Haiti,1030010003C29400,haiti
Hurricane Harvey,10300100681FAC00,hurricane-harvey
Hurricane Harvey,1030010067B30500,hurricane-harvey
Hurricane Harvey,10300100662BAD00,hurricane-harvey
Hurricane Harvey,1030010069A1F600,hurricane-harvey
Hurricane Harvey,1030010068976900,hurricane-harvey
Hurricane Harvey,104001002ABF5900,hurricane-harvey
Hurricane Harvey,10400100289CB300,hurricane-harvey
Hurricane Harvey,1040010028994100,hurricane-harvey
Hurricane Harvey,1040010029A77700,hurricane-harvey
Hurricane Harvey,104001002A64A400,hurricane-harvey
Hurricane Harvey,1030010066D17500,hurricane-harvey
Hurricane Harvey,10300100646E2700,hurricane-harvey
Hurricane Harvey,10500100082E3500,hurricane-harvey
Hurricane Harvey,10500100082E3400,hurricane-harvey
Hurricane Harvey,1040010027891F00,hurricane-harvey
Hurricane Harvey,1040010027A1B700,hurricane-harvey
Hurricane Harvey,1040010027451500,hurricane-harvey
Hurricane Harvey,1040010025AD7E00,hurricane-harvey
Hurricane Harvey,10300100512FDE00,hurricane-harvey
Hurricane Harvey,103001004F03B500,hurricane-harvey
Hurricane Harvey,1040010018412D00,hurricane-harvey
Hurricane Harvey,104001001835BD00,hurricane-harvey
Hurricane Harvey,10300100517FA700,hurricane-harvey
Hurricane Harvey,101001000C8D7500,hurricane-harvey
Hurricane Harvey,1020010065114800,hurricane-harvey
Hurricane Harvey,1020010069036700,hurricane-harvey
Hurricane Harvey,10400100319BA200,hurricane-harvey
Hurricane Harvey,1020010068D6F400,hurricane-harvey
Hurricane Harvey,1020010069E6CC00,hurricane-harvey
Hurricane Harvey,1040010031278100,hurricane-harvey
Hurricane Harvey,10200100643E0900,hurricane-harvey
Hurricane Harvey,1020010066BD2E00,hurricane-harvey
Hurricane Harvey,1020010066DDD400,hurricane-harvey
Hurricane Harvey,1040010032298700,hurricane-harvey
Hurricane Harvey,1040010032A12D00,hurricane-harvey
Hurricane Harvey,1020010068D84400,hurricane-harvey
Hurricane Harvey,105001000B9D7F00,hurricane-harvey
Hurricane Harvey,105001000B9D7E00,hurricane-harvey
Hurricane Harvey,10400100324DAE00,hurricane-harvey
Hurricane Harvey,103001006F3C8400,hurricane-harvey
Hurricane Harvey,105001000B9D8000,hurricane-harvey
Hurricane Harvey,1030010071D49400,hurricane-harvey
Hurricane Harvey,105001000B9D8100,hurricane-harvey
Hurricane Harvey,1030010070C13600,hurricane-harvey
Hurricane Harvey,1020010067E38000,hurricane-harvey
Hurricane Harvey,105001000B95E100,hurricane-harvey
Hurricane Harvey,105001000B95E200,hurricane-harvey
Hurricane Harvey,1020010065DF2700,hurricane-harvey
Hurricane Harvey,1020010067290D00,hurricane-harvey
Hurricane Harvey,1020010066A97100,hurricane-harvey
Hurricane Harvey,103001006D44B500,hurricane-harvey
Hurricane Harvey,103001006EB42900,hurricane-harvey
Hurricane Harvey,10200100682E8400,hurricane-harvey
Hurricane Harvey,103001006FCDF300,hurricane-harvey
Hurricane Harvey,105001000B920800,hurricane-harvey
Hurricane Harvey,105001000B920A00,hurricane-harvey
Hurricane Harvey,1020010065DCD300,hurricane-harvey
Hurricane Harvey,103001006FAD6200,hurricane-harvey
Hurricane Harvey,105001000B920900,hurricane-harvey
Hurricane Harvey,103001006F018C00,hurricane-harvey
Hurricane Harvey,103001006F884000,hurricane-harvey
Hurricane Harvey,10400100325CA800,hurricane-harvey
Hurricane Harvey,1040010030BE1200,hurricane-harvey
Hurricane Harvey,1040010031C9C900,hurricane-harvey
Hurricane Harvey,1040010032211E00,hurricane-harvey
Hurricane Harvey,1040010032658F00,hurricane-harvey
Hurricane Irma,1020010067564E00,hurricane-irma
Hurricane Irma,103001006B055400,hurricane-irma
Hurricane Irma,103001005CD78300,hurricane-irma
Hurricane Irma,103001005B6AEB00,hurricane-irma
Hurricane Irma,1040010018601F00,hurricane-irma
Hurricane Irma,103001004F0AF500,hurricane-irma
Hurricane Irma,103001005089B800,hurricane-irma
Hurricane Irma,103001004E2E7F00,hurricane-irma
Hurricane Irma,103001004FD70100,hurricane-irma
Hurricane Irma,103001004E65C400,hurricane-irma
Hurricane Irma,1030010050D1A400,hurricane-irma
Hurricane Irma,1030010050398A00,hurricane-irma
Hurricane Irma,103001004E13ED00,hurricane-irma
Hurricane Irma,103001004EC73F00,hurricane-irma
Hurricane Irma,103001004E750900,hurricane-irma
Hurricane Irma,1040010015D38B00,hurricane-irma
Hurricane Irma,103001004CB48300,hurricane-irma
Hurricane Irma,103001004CBD3800,hurricane-irma
Hurricane Irma,1040010012BC6D00,hurricane-irma
Hurricane Irma,104001000F6F7800,hurricane-irma
Hurricane Irma,10300100454CF200,hurricane-irma
Hurricane Irma,1030010046490900,hurricane-irma
Hurricane Irma,105041001271C800,hurricane-irma
Hurricane Irma,1040010008AF0700,hurricane-irma
Hurricane Irma,103001003DA29D00,hurricane-irma
Hurricane Irma,1050410012090E00,hurricane-irma
Hurricane Irma,103001003DD5FC00,hurricane-irma
Hurricane Irma,103001003B3A4900,hurricane-irma
Hurricane Irma,103001003A8DF600,hurricane-irma
Hurricane Irma,10300100301E8700,hurricane-irma
Hurricane Irma,10300100306A2100,hurricane-irma
Hurricane Irma,1050410010375B00,hurricane-irma
Hurricane Irma,1030010019C07400,hurricane-irma
Hurricane Irma,105041000051F200,hurricane-irma
Hurricane Irma,10300100091F2900,hurricane-irma
Hurricane Irma,10300100095A7400,hurricane-irma
Hurricane Irma,102001006886C000,hurricane-irma
Hurricane Irma,1020010066318700,hurricane-irma
Hurricane Irma,105001000BCBA800,hurricane-irma
Hurricane Irma,105001000BCBA900,hurricane-irma
Hurricane Irma,10300100700DB300,hurricane-irma
Hurricane Irma,1040010032699B00,hurricane-irma
Hurricane Irma,10400100327DED00,hurricane-irma
Hurricane Irma,1030010071078300,hurricane-irma
Hurricane Irma,102001006675CD00,hurricane-irma
Hurricane Irma,1030010071B33600,hurricane-irma
Hurricane Irma,10200100686C1A00,hurricane-irma
Hurricane Irma,1020010065C92C00,hurricane-irma
Hurricane Irma,103001007002F500,hurricane-irma
Hurricane Irma,10300100717D0200,hurricane-irma
Hurricane Irma,1020010069656600,hurricane-irma
Hurricane Irma,1040010032697D00,hurricane-irma
Hurricane Irma,103001006EC00900,hurricane-irma
Hurricane Irma,10200100685C5300,hurricane-irma
Hurricane Irma,1030010070B07D00,hurricane-irma
Hurricane Irma,1020010067C57500,hurricane-irma
Hurricane Irma,103001006F9E3400,hurricane-irma
Hurricane Irma,103001007070D000,hurricane-irma
Hurricane Irma,10300100709CC700,hurricane-irma
Hurricane Irma,1040010031199800,hurricane-irma
Hurricane Irma,10400100329F5400,hurricane-irma
Hurricane Irma,10400100313D6D00,hurricane-irma
Hurricane Irma,1040010032181D00,hurricane-irma
Hurricane Irma,1040010031B58100,hurricane-irma
Hurricane Irma,10200100676E1C00,hurricane-irma
Hurricane Irma,1040010032ACA100,hurricane-irma
Hurricane Irma,10400100327FC300,hurricane-irma
Hurricane Irma,105001000BC42300,hurricane-irma
Hurricane Irma,102001006520CA00,hurricane-irma
Hurricane Irma,105001000BC42100,hurricane-irma
Hurricane Irma,103001006E663400,hurricane-irma
Hurricane Irma,103001007291A200,hurricane-irma
Hurricane Irma,10300100712BB900,hurricane-irma
Hurricane Irma,103001006F999600,hurricane-irma
Hurricane Irma,103001006F664D00,hurricane-irma
Hurricane Irma,103001006FA24900,hurricane-irma
Hurricane Irma,103001007234BB00,hurricane-irma
Hurricane Irma,103001007110A500,hurricane-irma
Hurricane Irma,1030010071391E00,hurricane-irma
Hurricane Irma,10300100721C9600,hurricane-irma
Hurricane Irma,103001006E76E900,hurricane-irma
Hurricane Irma,1030010070BF1A00,hurricane-irma
Hurricane Irma,1030010071651700,hurricane-irma
Hurricane Irma,10200100620FDC00,hurricane-irma
Hurricane Irma,1020010064EA8000,hurricane-irma
Hurricane Irma,10200100662B7800,hurricane-irma
Hurricane Irma,105001000BBC9500,hurricane-irma
Hurricane Irma,103001006EB6A900,hurricane-irma
Hurricane Irma,10300100703B3B00,hurricane-irma
Hurricane Irma,10200100697DAA00,hurricane-irma
Hurricane Irma,1020010065AD3600,hurricane-irma
Hurricane Irma,102001006814C300,hurricane-irma
Hurricane Irma,1030010072C2B900,hurricane-irma
Hurricane Irma,105001000BBC9700,hurricane-irma
Hurricane Irma,105001000BBC9600,hurricane-irma
Hurricane Irma,10200100689FAB00,hurricane-irma
Hurricane Irma,10200100664F5600,hurricane-irma
Hurricane Irma,105001000BB89C00,hurricane-irma
Hurricane Irma,10400100324C8300,hurricane-irma
Hurricane Irma,105001000BB89B00,hurricane-irma
Hurricane Irma,104001003357E000,hurricane-irma
Hurricane Irma,104001003256D800,hurricane-irma
Hurricane Irma,1040010032950F00,hurricane-irma
Hurricane Irma,1040010032842100,hurricane-irma
Hurricane Irma,105001000BB89D00,hurricane-irma
Hurricane Irma,1020010066549D00,hurricane-irma
Hurricane Irma,1030010070D1EB00,hurricane-irma
Hurricane Irma,103001007130CB00,hurricane-irma
Hurricane Irma,1030010070D20000,hurricane-irma
Hurricane Irma,103001006FBA7400,hurricane-irma
Hurricane Irma,103001006F756500,hurricane-irma
Hurricane Irma,1020010065243300,hurricane-irma
Hurricane Irma,103001006F147900,hurricane-irma
Hurricane Irma,1020010067BC7800,hurricane-irma
Hurricane Irma,1030010072823700,hurricane-irma
Hurricane Irma,1040010034444500,hurricane-irma
Hurricane Irma,10300100705B5700,hurricane-irma
Hurricane Irma,103001007010BC00,hurricane-irma
Hurricane Irma,1040010032309900,hurricane-irma
Hurricane Irma,105001000BB08F00,hurricane-irma
Hurricane Irma,105001000BB08E00,hurricane-irma
Hurricane Maria,1020010064022800,hurricane-maria
Hurricane Maria,102001006331CB00,hurricane-maria
Hurricane Maria,1020010065DE9000,hurricane-maria
Hurricane Maria,1030010067BD2A00,hurricane-maria
Hurricane Maria,103001006AB78C00,hurricane-maria
Hurricane Maria,1030010065A9BA00,hurricane-maria
Hurricane Maria,104001002AD10D00,hurricane-maria
Hurricane Maria,1050010008003C00,hurricane-maria
Hurricane Maria,1030010062402400,hurricane-maria
Hurricane Maria,1030010061579000,hurricane-maria
Hurricane Maria,10400100254FC200,hurricane-maria
Hurricane Maria,1050010007064100,hurricane-maria
Hurricane Maria,103001005F73E000,hurricane-maria
Hurricane Maria,1030010060C0B000,hurricane-maria
Hurricane Maria,10400100335B9D00,hurricane-maria
Hurricane Maria,1040010032159500,hurricane-maria
Hurricane Maria,105001000C224F00,hurricane-maria
Hurricane Maria,10400100323BB300,hurricane-maria
Hurricane Maria,105001000C224E00,hurricane-maria
Hurricane Maria,105001000C225100,hurricane-maria
Hurricane Maria,1040010032A78800,hurricane-maria
Hurricane Maria,103001006F44F600,hurricane-maria
Hurricane Maria,103001006F751200,hurricane-maria
Hurricane Maria,1030010072470000,hurricane-maria
Hurricane Maria,1030010072069C00,hurricane-maria
Hurricane Maria,1030010073399100,hurricane-maria
Hurricane Maria,10300100728F1700,hurricane-maria
Hurricane Maria,10200100668CE000,hurricane-maria
Hurricane Maria,105001000C168000,hurricane-maria
Hurricane Maria,103001007037A800,hurricane-maria
Hurricane Maria,105001000C126200,hurricane-maria
Hurricane Maria,105001000C126300,hurricane-maria
Hurricane Maria,105001000C126400,hurricane-maria
Hurricane Maria,1030010072693300,hurricane-maria
Hurricane Maria,103001007173BC00,hurricane-maria
Hurricane Matthew,1030010056892D00,hurricane-matthew
Hurricane Matthew,102001004F0E2500,hurricane-matthew
Hurricane Matthew,1050010003734C00,hurricane-matthew
Hurricane Matthew,1050010002C69B00,hurricane-matthew
Hurricane Matthew,103001004BCCD700,hurricane-matthew
Hurricane Matthew,105001000182F800,hurricane-matthew
Hurricane Matthew,1030010044CFC100,hurricane-matthew
Hurricane Matthew,1030010045D71900,hurricane-matthew
Hurricane Matthew,1020010035A81A00,hurricane-matthew
Hurricane Matthew,103001003A208900,hurricane-matthew
Hurricane Matthew,103001003AA7DB00,hurricane-matthew
Hurricane Matthew,103001002A2B2500,hurricane-matthew
Hurricane Matthew,103001002C227300,hurricane-matthew
Hurricane Matthew,1020010027D8E500,hurricane-matthew
Hurricane Matthew,1020010027151C00,hurricane-matthew
Hurricane Matthew,1020010028969500,hurricane-matthew
Hurricane Matthew,10300100237F0D00,hurricane-matthew
Hurricane Matthew,103001002468D900,hurricane-matthew
Hurricane Matthew,102001002038CE00,hurricane-matthew
Hurricane Matthew,103001001E34CB00,hurricane-matthew
Hurricane Matthew,103001001F32C300,hurricane-matthew
Hurricane Matthew,103001005DC1B300,hurricane-matthew
Hurricane Matthew,103001005E79BC00,hurricane-matthew
Hurricane Matthew,103001005F15AA00,hurricane-matthew
Hurricane Matthew,103001005DA9ED00,hurricane-matthew
Hurricane Matthew,1040010023084B00,hurricane-matthew
Hurricane Matthew,1040010022588400,hurricane-matthew
Hurricane Matthew,104001002437EF00,hurricane-matthew
Hurricane Matthew,103001005D974E00,hurricane-matthew
Hurricane Matthew,103001005D334000,hurricane-matthew
Hurricane Matthew,103001005D959300,hurricane-matthew
Hurricane Matthew,103001005E205100,hurricane-matthew
Hurricane Matthew,103001005E7B2D00,hurricane-matthew
Hurricane Matthew,103001005E0A2400,hurricane-matthew
Hurricane Matthew,103001005E6EF000,hurricane-matthew
Hurricane Matthew,103001005E7B9F00,hurricane-matthew
Hurricane Matthew,104001002334B300,hurricane-matthew
Hurricane Matthew,10400100234BBB00,hurricane-matthew
Hurricane Matthew,1040010023625A00,hurricane-matthew
Hurricane Matthew,10400100233B1C00,hurricane-matthew
Hurricane Matthew,103001005D044B00,hurricane-matthew
Hurricane Matthew,103001005D880000,hurricane-matthew
Hurricane Matthew,103001005F978600,hurricane-matthew
Hurricane Matthew,1040010023D17800,hurricane-matthew
Hurricane Matthew,103001005F06CE00,hurricane-matthew
Hurricane Matthew,103001005E8D5E00,hurricane-matthew
Hurricane Matthew,102001005653C600,hurricane-matthew
Hurricane Patricia,103001001DC9D800,hurricane-patricia
Hurricane Patricia,101001000F2D3000,hurricane-patricia
Hurricane Patricia,103001000F92AE00,hurricane-patricia
Hurricane Patricia,103001000A2FB300,hurricane-patricia
Hurricane Patricia,1030010009463000,hurricane-patricia
Mexico City Earthquake,105001000A4D8800,mexico-city-earthquake
Mexico City Earthquake,105001000952C400,mexico-city-earthquake
Mexico City Earthquake,104001002A6E8E00,mexico-city-earthquake
Mexico City Earthquake,1040010027AF2C00,mexico-city-earthquake
Mexico City Earthquake,1040010026730F00,mexico-city-earthquake
Mexico City Earthquake,10400100270D9C00,mexico-city-earthquake
Mexico City Earthquake,10400100275BDD00,mexico-city-earthquake
Mexico City Earthquake,1040010028095400,mexico-city-earthquake
Mexico City Earthquake,10500100079E1D00,mexico-city-earthquake
Mexico City Earthquake,102001005A1EDE00,mexico-city-earthquake
Mexico City Earthquake,1030010063B9AB00,mexico-city-earthquake
Mexico City Earthquake,1040010024624000,mexico-city-earthquake
Mexico City Earthquake,1030010050472100,mexico-city-earthquake
Mexico City Earthquake,10400100102BB600,mexico-city-earthquake
Mexico City Earthquake,103001003AC3C000,mexico-city-earthquake
Mexico City Earthquake,103001003B0EE200,mexico-city-earthquake
Mexico City Earthquake,1030010070A9C800,mexico-city-earthquake
Mexico City Earthquake,1030010072234700,mexico-city-earthquake
Mexico City Earthquake,1030010070483C00,mexico-city-earthquake
Mexico City Earthquake,1030010070A1EF00,mexico-city-earthquake
Mexico City Earthquake,1030010072469D00,mexico-city-earthquake
Mexico City Earthquake,1030010070BAE000,mexico-city-earthquake
Mexico City Earthquake,103001007163BF00,mexico-city-earthquake
Mocoa Landslide,10400100272B2000,mocoa-landslide
Mocoa Landslide,1040010024C74B00,mocoa-landslide
Mocoa Landslide,10300100381C4000,mocoa-landslide
Mocoa Landslide,1020010029BE9D00,mocoa-landslide
Mocoa Landslide,1030010023AE9300,mocoa-landslide
Mocoa Landslide,102001001BE46D00,mocoa-landslide
Mocoa Landslide,10200100044F8100,mocoa-landslide
Mocoa Landslide,10500100092F7200,mocoa-landslide
Mocoa Landslide,10200100625D2C00,mocoa-landslide
"Monsoon in Nepal, India, Bangladesh",103001006BACE900,monsoon-in-nepal-india-bangladesh
"Monsoon in Nepal, India, Bangladesh",1030010069B49000,monsoon-in-nepal-india-bangladesh
"Monsoon in Nepal, India, Bangladesh",1030010069512C00,monsoon-in-nepal-india-bangladesh
"Monsoon in Nepal, India, Bangladesh",103001006A371200,monsoon-in-nepal-india-bangladesh
"Monsoon in Nepal, India, Bangladesh",1030010066860100,monsoon-in-nepal-india-bangladesh
"Monsoon in Nepal, India, Bangladesh",103001006546B400,monsoon-in-nepal-india-bangladesh
"Monsoon in Nepal, India, Bangladesh",10500100088DFE00,monsoon-in-nepal-india-bangladesh
"Monsoon in Nepal, India, Bangladesh",1030010066697800,monsoon-in-nepal-india-bangladesh
"Monsoon in Nepal, India, Bangladesh",10500100077EF900,monsoon-in-nepal-india-bangladesh
"Monsoon in Nepal, India, Bangladesh",1040010025810500,monsoon-in-nepal-india-bangladesh
"Monsoon in Nepal, India, Bangladesh",1050010007510400,monsoon-in-nepal-india-bangladesh
"Monsoon in Nepal, India, Bangladesh",1040010025052800,monsoon-in-nepal-india-bangladesh
"Monsoon in Nepal, India, Bangladesh",103001006099E700,monsoon-in-nepal-india-bangladesh
"Monsoon in Nepal, India, Bangladesh",103001005EA9DB00,monsoon-in-nepal-india-bangladesh
"Monsoon in Nepal, India, Bangladesh",104001002503F400,monsoon-in-nepal-india-bangladesh
"Monsoon in Nepal, India, Bangladesh",10400100247E5500,monsoon-in-nepal-india-bangladesh
"Monsoon in Nepal, India, Bangladesh",1040010024985C00,monsoon-in-nepal-india-bangladesh
"Monsoon in Nepal, India, Bangladesh",1030010060590100,monsoon-in-nepal-india-bangladesh
"Monsoon in Nepal, India, Bangladesh",103001006EA60600,monsoon-in-nepal-india-bangladesh
"Monsoon in Nepal, India, Bangladesh",103001006FBA0400,monsoon-in-nepal-india-bangladesh
"Monsoon in Nepal, India, Bangladesh",105001000B78EC00,monsoon-in-nepal-india-bangladesh
"Monsoon in Nepal, India, Bangladesh",105001000B78ED00,monsoon-in-nepal-india-bangladesh
"Monsoon in Nepal, India, Bangladesh",103001006E58A200,monsoon-in-nepal-india-bangladesh
"Monsoon in Nepal, India, Bangladesh",103001006ECBB700,monsoon-in-nepal-india-bangladesh
"Monsoon in Nepal, India, Bangladesh",103001006F13EC00,monsoon-in-nepal-india-bangladesh
"Monsoon in Nepal, India, Bangladesh",103001006FC66800,monsoon-in-nepal-india-bangladesh
"Monsoon in Nepal, India, Bangladesh",103001006F196300,monsoon-in-nepal-india-bangladesh
"Monsoon in Nepal, India, Bangladesh",103001006F3B2600,monsoon-in-nepal-india-bangladesh
"Monsoon in Nepal, India, Bangladesh",103001006E27F600,monsoon-in-nepal-india-bangladesh
"Monsoon in Nepal, India, Bangladesh",103001006ECF1100,monsoon-in-nepal-india-bangladesh
Nepal,102001003C9F6700,nepal
Nepal,102001003AB04100,nepal
Nepal,1020010039832F00,nepal
Nepal,1050410012953F00,nepal
Nepal,1050410012953D00,nepal
Santa Rosa Wildfires,103001006C9B3F00,santa-rosa-wildfires
Santa Rosa Wildfires,105001000A632800,santa-rosa-wildfires
Santa Rosa Wildfires,1030010068BD1700,santa-rosa-wildfires
Santa Rosa Wildfires,1040010034996C00,santa-rosa-wildfires
Santa Rosa Wildfires,1040010034141800,santa-rosa-wildfires
Santa Rosa Wildfires,1040010034270900,santa-rosa-wildfires
Santa Rosa Wildfires,103001007301E000,santa-rosa-wildfires
Santa Rosa Wildfires,10300100745BA400,santa-rosa-wildfires
Santa Rosa Wildfires,104001003356F400,santa-rosa-wildfires
Santa Rosa Wildfires,105001000C64CC00,santa-rosa-wildfires
Santa Rosa Wildfires,1040010033B40500,santa-rosa-wildfires
Santa Rosa Wildfires,1040010034433200,santa-rosa-wildfires
Santa Rosa Wildfires,105001000C64CA00,santa-rosa-wildfires
Santa Rosa Wildfires,1040010034936800,santa-rosa-wildfires
Santa Rosa Wildfires,105001000C64C900,santa-rosa-wildfires
Santa Rosa Wildfires,105001000C64CB00,santa-rosa-wildfires
Santa Rosa Wildfires,1040010035550100,santa-rosa-wildfires
Santa Rosa Wildfires,105001000C5D4200,santa-rosa-wildfires
Santa Rosa Wildfires,104001003357F400,santa-rosa-wildfires
Santa Rosa Wildfires,105001000C5D4000,santa-rosa-wildfires
Santa Rosa Wildfires,105001000C5D4300,santa-rosa-wildfires
Santa Rosa Wildfires,1030010070291400,santa-rosa-wildfires
Santa Rosa Wildfires,105001000C5D4100,santa-rosa-wildfires
Santa Rosa Wildfires,10200100673C4A00,santa-rosa-wildfires
Santa Rosa Wildfires,105001000C598E00,santa-rosa-wildfires
Santa Rosa Wildfires,1040010033888D00,santa-rosa-wildfires
Santa Rosa Wildfires,103001007107C600,santa-rosa-wildfires
Santa Rosa Wildfires,1040010033CAE100,santa-rosa-wildfires
Santa Rosa Wildfires,1040010034C51100,santa-rosa-wildfires
Sierra Leone Mudslide,104001002AC4F800,sierra-leone-mudslide
Sierra Leone Mudslide,1040010029A61F00,sierra-leone-mudslide
Sierra Leone Mudslide,1040010029D0DC00,sierra-leone-mudslide
Sierra Leone Mudslide,1050010008270B00,sierra-leone-mudslide
Sierra Leone Mudslide,1030010063902E00,sierra-leone-mudslide
Sierra Leone Mudslide,1050010007944F00,sierra-leone-mudslide
Sierra Leone Mudslide,105001000B569800,sierra-leone-mudslide
Southern California Wildfires,10300100742EFD00,southern-california-wildfires
Southern California Wildfires,103001007430ED00,southern-california-wildfires
Southern California Wildfires,10300100753BCA00,southern-california-wildfires
Southern California Wildfires,104001003525AF00,southern-california-wildfires
Southern California Wildfires,10400100353C2C00,southern-california-wildfires
Southern California Wildfires,105001000D517A00,southern-california-wildfires
Southern California Wildfires,1040010036A3E800,southern-california-wildfires
Southern California Wildfires,105001000D517700,southern-california-wildfires
Southern California Wildfires,105001000D4AF000,southern-california-wildfires
Southern Mexico Earthquake,1030010064B6F100,southern-mexico-earthquake
Southern Mexico Earthquake,103001005D9E7500,southern-mexico-earthquake
Southern Mexico Earthquake,1050010004BE4300,southern-mexico-earthquake
Southern Mexico Earthquake,1050010004872F00,southern-mexico-earthquake
Southern Mexico Earthquake,10300100719B2500,southern-mexico-earthquake
Southern Mexico Earthquake,10200100644FD400,southern-mexico-earthquake
Southern Mexico Earthquake,102001006632BA00,southern-mexico-earthquake
Southern Mexico Earthquake,1020010069D6D100,southern-mexico-earthquake
Southern Mexico Earthquake,1030010071157C00,southern-mexico-earthquake
Southern Mexico Earthquake,103001006F814100,southern-mexico-earthquake
Southern Mexico Earthquake,103001006FAB3B00,southern-mexico-earthquake
Southern Mexico Earthquake,1030010071A2B400,southern-mexico-earthquake
Southern Mexico Earthquake,10300100700A1300,southern-mexico-earthquake
Southern Mexico Earthquake,105001000BBCC800,southern-mexico-earthquake
Southern Mexico Earthquake,10400100329ECC00,southern-mexico-earthquake
Southern Mexico Earthquake,1040010032844500,southern-mexico-earthquake
Southern Mexico Earthquake,103001006FC50200,southern-mexico-earthquake
Tropical Cyclone Enawo,103001005A1C7500,tropical-cyclone-enawo
Tropical Cyclone Enawo,10300100526F4400,tropical-cyclone-enawo
Tropical Cyclone Enawo,1040010011C75800,tropical-cyclone-enawo
Tropical Cyclone Enawo,1040010004996F00,tropical-cyclone-enawo
Tropical Cyclone Enawo,104001002A1AD400,tropical-cyclone-enawo
Tropical Cyclone Enawo,1050010008989A00,tropical-cyclone-enawo
Tropical Cyclone Enawo,1050010008989B00,tropical-cyclone-enawo
Tropical Cyclone Enawo,1050010008989C00,tropical-cyclone-enawo
Tropical Cyclone Enawo,104001002A2FBA00,tropical-cyclone-enawo
Tropical Cyclone Gita,104001003932ED00,tropical-cyclone-gita
Tropical Cyclone Gita,1040010036199D00,tropical-cyclone-gita
Tropical Cyclone Gita,10400100375E0800,tropical-cyclone-gita
Tropical Cyclone Gita,1040010031B8D600,tropical-cyclone-gita
Tropical Cyclone Gita,10400100375B6500,tropical-cyclone-gita
Tropical Cyclone Gita,103001007A697100,tropical-cyclone-gita
Tropical Cyclone Gita,1040010039783C00,tropical-cyclone-gita
Tropical Cyclone Gita,1030010078388B00,tropical-cyclone-gita
Tropical Cyclone Gita,1030010079CD0300,tropical-cyclone-gita
Tropical Cyclone Gita,10300100769B0700,tropical-cyclone-gita
Tropical Cyclone Gita,10400100384C5500,tropical-cyclone-gita
Tropical Cyclone Gita,103001007890A600,tropical-cyclone-gita
Tropical Cyclone Gita,1040010038876D00,tropical-cyclone-gita
Tropical Cyclone Gita,1030010079984400,tropical-cyclone-gita
